epoch,time,train/box_loss,train/cls_loss,train/dfl_loss,metrics/precision(B),metrics/recall(B),metrics/mAP50(B),metrics/mAP50-95(B),val/box_loss,val/cls_loss,val/dfl_loss,lr/pg0,lr/pg1,lr/pg2
1,216.509,1.44111,1.01824,1.01876,0.70531,0.54189,0.62368,0.35644,1.3035,0.80184,0.94482,0.0033251,0.0033251,0.0033251
2,444.053,1.38411,0.84265,0.97769,0.76354,0.56725,0.66158,0.3879,1.26552,0.76169,0.93567,0.00659252,0.00659252,0.00659252
3,670,1.43078,0.86408,0.98877,0.7569,0.55574,0.64488,0.37415,1.33204,0.7889,0.95922,0.00979393,0.00979393,0.00979393
4,891.994,1.43947,0.85695,0.99277,0.74284,0.56155,0.65477,0.38164,1.30103,0.78574,0.95101,0.009703,0.009703,0.009703
5,1102.74,1.39988,0.82834,0.98497,0.75558,0.56132,0.65471,0.3764,1.32717,0.79338,0.95664,0.009604,0.009604,0.009604
6,1314.85,1.38715,0.81239,0.9799,0.75654,0.57203,0.66527,0.39537,1.27417,0.72062,0.94258,0.009505,0.009505,0.009505
7,1526.27,1.35988,0.79122,0.97406,0.75667,0.58577,0.67888,0.39962,1.27195,0.73658,0.93493,0.009406,0.009406,0.009406
8,1737.04,1.34828,0.77751,0.97052,0.76108,0.59026,0.68261,0.40368,1.2654,0.7139,0.93582,0.009307,0.009307,0.009307
9,1948.02,1.33541,0.7646,0.96275,0.77993,0.58766,0.6873,0.41269,1.23899,0.7002,0.93262,0.009208,0.009208,0.009208
10,2157.86,1.32526,0.75305,0.96123,0.78022,0.59158,0.6898,0.41195,1.25092,0.69939,0.934,0.009109,0.009109,0.009109
11,2367.44,1.31498,0.74956,0.95911,0.77415,0.59879,0.69604,0.41637,1.23707,0.69736,0.92926,0.00901,0.00901,0.00901
12,2578.18,1.30518,0.73739,0.95603,0.78023,0.60332,0.70187,0.42332,1.23122,0.68515,0.92687,0.008911,0.008911,0.008911
13,2788.32,1.30449,0.73222,0.95476,0.78292,0.61046,0.70547,0.42187,1.23842,0.68741,0.93004,0.008812,0.008812,0.008812
14,2998.19,1.28936,0.72665,0.95111,0.78618,0.60827,0.70833,0.42696,1.22181,0.68046,0.92486,0.008713,0.008713,0.008713
15,3208.13,1.28143,0.71788,0.94846,0.78282,0.60884,0.70537,0.42462,1.23213,0.67497,0.92675,0.008614,0.008614,0.008614
16,3418.66,1.28685,0.71465,0.95085,0.79491,0.60598,0.70801,0.42868,1.21531,0.66493,0.9218,0.008515,0.008515,0.008515
17,219.534,1.29067,0.71801,0.94666,0.79175,0.61443,0.71522,0.4322,1.22142,0.6676,0.92328,0.008416,0.008416,0.008416
18,444.804,1.27163,0.70481,0.94597,0.79626,0.61862,0.71657,0.43498,1.21264,0.66105,0.92302,0.008317,0.008317,0.008317
19,670.239,1.27252,0.69783,0.94404,0.7993,0.61756,0.71579,0.43302,1.2174,0.66067,0.92034,0.008218,0.008218,0.008218
20,890.42,1.26529,0.69642,0.94166,0.7949,0.62206,0.72084,0.43962,1.1974,0.65233,0.91648,0.008119,0.008119,0.008119
21,1101.88,1.24476,0.68469,0.93894,0.79463,0.62499,0.71863,0.43515,1.20146,0.65468,0.91731,0.00802,0.00802,0.00802
22,1312.69,1.26112,0.68831,0.93806,0.80317,0.62189,0.7192,0.439,1.2008,0.64891,0.91898,0.007921,0.007921,0.007921
23,1523.18,1.25096,0.68316,0.93617,0.79809,0.61457,0.71448,0.43066,1.22379,0.65895,0.92243,0.007822,0.007822,0.007822
24,1733.14,1.24859,0.68246,0.93592,0.80919,0.62202,0.72386,0.43933,1.19991,0.64542,0.91518,0.007723,0.007723,0.007723
25,1941.83,1.23878,0.67412,0.93392,0.81077,0.62567,0.72844,0.44326,1.19449,0.64018,0.9144,0.007624,0.007624,0.007624
26,2151.73,1.22804,0.67027,0.93204,0.80139,0.63025,0.72526,0.44164,1.20354,0.64656,0.91755,0.007525,0.007525,0.007525
27,2362.06,1.23018,0.66842,0.93395,0.8112,0.63258,0.7326,0.44665,1.19283,0.63862,0.91149,0.007426,0.007426,0.007426
28,2571.82,1.22709,0.667,0.93244,0.80668,0.63461,0.73057,0.44487,1.1914,0.63766,0.91242,0.007327,0.007327,0.007327
29,2782.16,1.22843,0.66582,0.93128,0.80805,0.63554,0.73371,0.44762,1.19412,0.63664,0.91223,0.007228,0.007228,0.007228
30,2994.53,1.22356,0.66431,0.93211,0.81349,0.6312,0.73234,0.44802,1.18704,0.63196,0.91141,0.007129,0.007129,0.007129
31,3204.89,1.22328,0.66052,0.93063,0.8137,0.63438,0.73318,0.44839,1.18208,0.62816,0.91031,0.00703,0.00703,0.00703
32,3415.43,1.2277,0.65979,0.93138,0.80922,0.63189,0.73204,0.44751,1.19596,0.63054,0.9133,0.006931,0.006931,0.006931
33,3625.17,1.20361,0.64807,0.92722,0.81029,0.64044,0.73787,0.45035,1.18881,0.63743,0.91229,0.006832,0.006832,0.006832
34,3835.43,1.21093,0.64794,0.92637,0.81161,0.64284,0.73975,0.45195,1.18509,0.62684,0.91204,0.006733,0.006733,0.006733
35,4044.91,1.20089,0.64488,0.92552,0.81248,0.63732,0.73702,0.44897,1.1925,0.62391,0.91174,0.006634,0.006634,0.006634
36,4254.7,1.20101,0.64684,0.92428,0.81075,0.64199,0.74099,0.45449,1.17998,0.62659,0.90821,0.006535,0.006535,0.006535
37,4464.21,1.20382,0.64625,0.92536,0.81123,0.64042,0.73688,0.45221,1.18214,0.62453,0.91005,0.006436,0.006436,0.006436
38,4674.19,1.20097,0.64111,0.9233,0.81376,0.63866,0.73767,0.45135,1.18619,0.6205,0.90978,0.006337,0.006337,0.006337
39,4883.25,1.20338,0.64256,0.92277,0.80596,0.64287,0.73713,0.45355,1.17573,0.61503,0.90893,0.006238,0.006238,0.006238
40,5093.66,1.18863,0.63317,0.91989,0.81468,0.64082,0.74153,0.45451,1.18021,0.62084,0.90839,0.006139,0.006139,0.006139
41,5304.37,1.18902,0.63296,0.9198,0.81248,0.64398,0.74368,0.45627,1.17749,0.6145,0.90688,0.00604,0.00604,0.00604
42,5514.56,1.18242,0.62957,0.9169,0.81711,0.64437,0.74263,0.45638,1.17493,0.61576,0.90677,0.005941,0.005941,0.005941
43,5725.02,1.18914,0.63401,0.91812,0.8171,0.64467,0.74042,0.45465,1.18417,0.61477,0.9111,0.005842,0.005842,0.005842
44,5935.15,1.18598,0.6262,0.91837,0.8155,0.64702,0.74546,0.45705,1.17789,0.616,0.90742,0.005743,0.005743,0.005743
45,6143.45,1.17587,0.62309,0.91563,0.81845,0.64555,0.74531,0.45724,1.17845,0.61651,0.90639,0.005644,0.005644,0.005644
46,6353.56,1.17306,0.62345,0.91717,0.81635,0.64333,0.74462,0.45807,1.17714,0.61265,0.9083,0.005545,0.005545,0.005545
47,6563.48,1.18498,0.62567,0.91724,0.81028,0.65276,0.74676,0.45759,1.18432,0.61178,0.90798,0.005446,0.005446,0.005446
48,6774.63,1.16837,0.61908,0.91362,0.81343,0.64759,0.7452,0.45783,1.17746,0.61178,0.90647,0.005347,0.005347,0.005347
49,6984.12,1.16663,0.61731,0.91371,0.82123,0.64966,0.74831,0.45832,1.17783,0.60909,0.90672,0.005248,0.005248,0.005248
50,7194.35,1.16541,0.61489,0.91213,0.81916,0.64813,0.74739,0.45936,1.17344,0.60625,0.90611,0.005149,0.005149,0.005149
51,7403.63,1.1712,0.61389,0.9149,0.82168,0.64878,0.7485,0.46124,1.16959,0.60655,0.90427,0.00505,0.00505,0.00505
52,7613.34,1.16129,0.61174,0.91114,0.81772,0.64991,0.74702,0.45838,1.18052,0.60884,0.9063,0.004951,0.004951,0.004951
53,7822.24,1.17207,0.61257,0.91242,0.81214,0.6566,0.75104,0.46191,1.16731,0.60459,0.90434,0.004852,0.004852,0.004852
54,8031.73,1.15542,0.6089,0.91092,0.81917,0.65043,0.75045,0.46162,1.17086,0.60204,0.90496,0.004753,0.004753,0.004753
55,8241.69,1.15203,0.60538,0.90747,0.8207,0.64945,0.74875,0.46324,1.16471,0.60158,0.90473,0.004654,0.004654,0.004654
56,8451.28,1.15111,0.60402,0.90923,0.81966,0.65233,0.75082,0.46267,1.17054,0.59993,0.9051,0.004555,0.004555,0.004555
57,8660.3,1.14683,0.6012,0.90853,0.81852,0.65283,0.75054,0.46232,1.17203,0.59927,0.90602,0.004456,0.004456,0.004456
58,8869.88,1.15733,0.60654,0.90943,0.81549,0.65203,0.75024,0.46146,1.17553,0.60097,0.90623,0.004357,0.004357,0.004357
59,9080.72,1.15386,0.60378,0.90738,0.81533,0.65414,0.75276,0.46275,1.17243,0.60127,0.90467,0.004258,0.004258,0.004258
60,9290.07,1.13988,0.59339,0.90431,0.81728,0.65698,0.75454,0.46593,1.16388,0.59636,0.90377,0.004159,0.004159,0.004159
61,9499.42,1.14306,0.59371,0.9078,0.82802,0.64813,0.7518,0.46327,1.17285,0.5984,0.90505,0.00406,0.00406,0.00406
62,9709.5,1.13951,0.5915,0.90697,0.8239,0.65532,0.75291,0.46371,1.17162,0.59722,0.90477,0.003961,0.003961,0.003961
63,9917.42,1.13469,0.58995,0.90546,0.81974,0.65773,0.7553,0.46597,1.16843,0.59646,0.90412,0.003862,0.003862,0.003862
64,10126.9,1.13746,0.58939,0.90637,0.82326,0.6542,0.75341,0.46544,1.16843,0.59524,0.90341,0.003763,0.003763,0.003763
65,10336.3,1.13772,0.58698,0.90509,0.81928,0.6551,0.7529,0.46469,1.17005,0.59754,0.90467,0.003664,0.003664,0.003664
66,10545.8,1.13823,0.58805,0.90545,0.8213,0.6555,0.75493,0.46454,1.17234,0.59536,0.90477,0.003565,0.003565,0.003565
67,10756.1,1.13414,0.5855,0.90403,0.82264,0.65482,0.75484,0.4648,1.17447,0.59615,0.90411,0.003466,0.003466,0.003466
68,10966,1.13217,0.58338,0.90338,0.82231,0.65357,0.75419,0.4643,1.17512,0.59483,0.90496,0.003367,0.003367,0.003367
69,11175.7,1.13122,0.5828,0.90101,0.81932,0.65771,0.75587,0.46574,1.1696,0.59236,0.90368,0.003268,0.003268,0.003268
70,11385.1,1.12046,0.57585,0.90216,0.8267,0.65631,0.75693,0.46732,1.165,0.59233,0.90275,0.003169,0.003169,0.003169
71,11594.7,1.12049,0.57716,0.89974,0.82825,0.6507,0.75524,0.46583,1.16782,0.59197,0.90364,0.00307,0.00307,0.00307
72,11804.2,1.11853,0.57476,0.89929,0.82218,0.65466,0.75555,0.46779,1.16201,0.58908,0.90203,0.002971,0.002971,0.002971
73,12015,1.12297,0.57706,0.89886,0.82438,0.65562,0.75497,0.4668,1.16473,0.59011,0.90284,0.002872,0.002872,0.002872
74,12224.8,1.11375,0.57229,0.89819,0.82259,0.65292,0.75417,0.46611,1.16811,0.5901,0.904,0.002773,0.002773,0.002773
75,12434.1,1.11385,0.56913,0.89992,0.82714,0.65195,0.75567,0.46635,1.16635,0.59025,0.90341,0.002674,0.002674,0.002674
76,12642.1,1.11017,0.5696,0.89667,0.82807,0.65472,0.75656,0.46627,1.16952,0.5899,0.90305,0.002575,0.002575,0.002575
77,12850.7,1.10405,0.5665,0.89402,0.82126,0.65881,0.75685,0.46643,1.16986,0.58864,0.90262,0.002476,0.002476,0.002476
78,13058.9,1.10959,0.5698,0.89479,0.82815,0.65492,0.75683,0.46551,1.17303,0.58948,0.90315,0.002377,0.002377,0.002377
79,13268.3,1.09501,0.55961,0.89407,0.83238,0.65381,0.7571,0.46538,1.17311,0.58902,0.90334,0.002278,0.002278,0.002278
80,13477.5,1.10101,0.5608,0.89509,0.83039,0.65464,0.75673,0.4662,1.17119,0.5894,0.90328,0.002179,0.002179,0.002179
81,13687.7,1.10938,0.56253,0.89541,0.82483,0.65796,0.7573,0.46623,1.17163,0.58926,0.90344,0.00208,0.00208,0.00208
82,13896.6,1.10206,0.56189,0.89654,0.82706,0.65665,0.7565,0.46737,1.17066,0.58882,0.90395,0.001981,0.001981,0.001981
83,14104.9,1.09336,0.55852,0.89479,0.82429,0.65814,0.75747,0.46818,1.16377,0.58696,0.90249,0.001882,0.001882,0.001882
84,14314.2,1.08647,0.55191,0.89026,0.82278,0.66074,0.75721,0.46791,1.1648,0.58591,0.90257,0.001783,0.001783,0.001783
85,14523.3,1.10075,0.55622,0.89424,0.82609,0.65749,0.7576,0.46816,1.16711,0.58628,0.90283,0.001684,0.001684,0.001684
86,14732.4,1.08368,0.55004,0.88923,0.82583,0.65693,0.75753,0.46854,1.16457,0.58539,0.9019,0.001585,0.001585,0.001585
87,14941.7,1.08698,0.55195,0.89049,0.82589,0.65657,0.75793,0.46847,1.1678,0.5858,0.9023,0.001486,0.001486,0.001486
88,15150.7,1.07873,0.54576,0.8888,0.82541,0.65832,0.75832,0.46807,1.16998,0.58588,0.90319,0.001387,0.001387,0.001387
89,15359.7,1.08153,0.5462,0.88985,0.82645,0.65773,0.75834,0.46832,1.16985,0.5857,0.90379,0.001288,0.001288,0.001288
90,15568,1.07981,0.54654,0.88889,0.82498,0.6612,0.75843,0.46775,1.17333,0.58785,0.90412,0.001189,0.001189,0.001189
91,15772.6,1.06875,0.53754,0.89016,0.82844,0.65722,0.75719,0.4668,1.17491,0.5895,0.90437,0.00109,0.00109,0.00109
92,15976,1.05577,0.52843,0.88773,0.82553,0.65758,0.75662,0.46645,1.17611,0.58938,0.9048,0.000991,0.000991,0.000991
93,16179.1,1.06269,0.53018,0.88811,0.82484,0.65567,0.75602,0.4658,1.17647,0.58983,0.90461,0.000892,0.000892,0.000892
94,16381.7,1.05476,0.52458,0.88473,0.82717,0.65358,0.75533,0.46608,1.1753,0.58947,0.90497,0.000793,0.000793,0.000793
95,16584.2,1.05389,0.52426,0.8851,0.82676,0.65578,0.75644,0.46599,1.1757,0.58922,0.90509,0.000694,0.000694,0.000694
96,16786.4,1.04031,0.51751,0.88329,0.82681,0.65549,0.75567,0.46574,1.17663,0.58983,0.9056,0.000595,0.000595,0.000595
97,16990.2,1.04517,0.5197,0.88361,0.82818,0.6542,0.75573,0.46533,1.17935,0.59049,0.90631,0.000496,0.000496,0.000496
98,17192.8,1.04754,0.51828,0.88337,0.82908,0.65311,0.755,0.46498,1.1812,0.59101,0.90674,0.000397,0.000397,0.000397
99,17395.1,1.03645,0.51432,0.88339,0.82672,0.65413,0.7545,0.46451,1.18316,0.59152,0.90719,0.000298,0.000298,0.000298
100,17597.9,1.04115,0.51641,0.88289,0.82614,0.65525,0.75493,0.46439,1.18381,0.59159,0.90724,0.000199,0.000199,0.000199
